Library Source	bases	rel_bases
GENOMIC	1.05431951877e+16	0.861950461052
TRANSCRIPTOMIC	1.43455151724e+15	0.117280607982
METAGENOMIC	1.89214841763e+14	0.0154691075326
METATRANSCRIPTOMIC	4.38531609804e+13	0.00358517998128
OTHER	1.30314205694e+13	0.00106537333019
VIRAL RNA	4.26637513855e+12	0.000348794075442
SYNTHETIC	3.67535924922e+12	0.000300476045734
